Product_ID,Product_Title,Product_Type,Product_Published_At,Product_Variant_Id,Variant_Price,Variant_Inventory_Quantity,Variant_Created_At,Product_Created_At,Variant_Title,Option_Names,Option_Values,Image_Ids,Image_Sources
9691353678162,CUTE PINK BOX,,2024-09-19T18:10:51Z,49463935041874,29.95,1,2024-09-19T18:10:53Z,2024-09-19T18:10:52Z,Default Title,Title,Default Title,56624741876050,https://cdn.shopify.com/s/files/1/0781/2844/7826/files/DSC_0368.jpg?v=1736372125
9652385874258,TONY CHOCOLONELY| Karamel zeezout,,2024-08-30T20:39:47Z,49357533806930,0,2,2024-08-30T20:39:48Z,2024-08-30T20:39:47Z,Default Title,Title,Default Title,54934663954770,https://cdn.shopify.com/s/files/1/0781/2844/7826/files/DSC_1015.jpg?v=1725050257
9328734044498,TOILETTAS| C'est la vie,,2024-07-23T19:40:29Z,48592112746834,0,6,2024-07-23T19:40:31Z,2024-07-23T19:40:29Z,Default Title,Title,Default Title,56377815335250,https://cdn.shopify.com/s/files/1/0781/2844/7826/files/DSC_0243-2.jpg?v=1734472015
9328727949650,TOILETTAS| bambi,,2024-07-23T19:33:58Z,48592097313106,0,2,2024-07-23T19:33:59Z,2024-07-23T19:33:58Z,Default Title,Title,Default Title,56437034746194,https://cdn.shopify.com/s/files/1/0781/2844/7826/files/DSC_0283.jpg?v=1734987405
9317202559314,WEEKPLANNER A4,,2024-07-16T19:51:00Z,48562190549330,0,3,2024-07-16T19:51:02Z,2024-07-16T19:51:00Z,Default Title,Title,Default Title,55696399630674,https://cdn.shopify.com/s/files/1/0781/2844/7826/files/DSC_0993.jpg?v=1730234278
9312757317970,PEN| groen,,2024-07-14T19:40:24Z,48550861570386,0,22,2024-07-14T19:40:26Z,2024-07-14T19:40:24Z,Default Title,Title,Default Title,54171183939922,https://cdn.shopify.com/s/files/1/0781/2844/7826/files/DSC_0986_45bfa709-4e74-4349-a5ef-5087ade0f246.jpg?v=1720986018
9312752959826,PEN| Blauw,,2024-07-14T19:37:40Z,48550845415762,0,23,2024-07-14T19:37:41Z,2024-07-14T19:37:40Z,Default Title,Title,Default Title,54171164868946,https://cdn.shopify.com/s/files/1/0781/2844/7826/files/DSC_0988_61755d59-76de-4d33-bda7-01c12b5618f1.jpg?v=1720985837
9312750928210,PEN| Lila,,2024-07-14T19:36:15Z,48550838665554,0,23,2024-07-14T19:36:16Z,2024-07-14T19:36:15Z,Default Title,Title,Default Title,54171159691602,https://cdn.shopify.com/s/files/1/0781/2844/7826/files/DSC_0987_05ecdb66-d54b-4952-ba5e-07bc1f88ce39.jpg?v=1720985759
9302170009938,SPIEGEL SLEUTELHANGER| Blauw,,2024-07-07T19:30:55Z,48514835120466,0,10,2024-07-07T19:30:57Z,2024-07-07T19:30:55Z,Default Title,Title,Default Title,54029125747026,https://cdn.shopify.com/s/files/1/0781/2844/7826/files/DSC_0953_fc64c2b9-dec4-4f28-b40c-24cce3124a9c.jpg?v=1720380650
9302169715026,SPIEGEL SLEUTELHANGER| Geel,,2024-07-07T19:29:56Z,48514834039122,0,8,2024-07-07T19:29:57Z,2024-07-07T19:29:56Z,Default Title,Title,Default Title,54029119717714,https://cdn.shopify.com/s/files/1/0781/2844/7826/files/DSC_0951_a80ba997-76e5-4c6d-9270-d3b2ac93297b.jpg?v=1720380586
9302169616722,SPIEGEL SLEUTELHANGER| Roze,,2024-07-07T19:29:17Z,48514833678674,0,6,2024-07-07T19:29:19Z,2024-07-07T19:29:17Z,Default Title,Title,Default Title,54029115162962,https://cdn.shopify.com/s/files/1/0781/2844/7826/files/DSC_0948_6b1acea1-6eae-4e25-baaf-885094c1d2bf.jpg?v=1720380545
9302169452882,SPONS HAARBAND| Blauw,,2024-07-07T19:28:01Z,48514832138578,0,7,2024-07-07T19:28:02Z,2024-07-07T19:28:01Z,Default Title,Title,Default Title,54029111820626,https://cdn.shopify.com/s/files/1/0781/2844/7826/files/DSC_0961_f68ea795-d389-42df-a42c-79574f9fa82f.jpg?v=1720380474
9302169354578,SPONS HAARBAND| Groen,,2024-07-07T19:27:29Z,48514831974738,0,7,2024-07-07T19:27:31Z,2024-07-07T19:27:29Z,Default Title,Title,Default Title,54029111132498,https://cdn.shopify.com/s/files/1/0781/2844/7826/files/DSC_0959_d17fb8c3-24e0-42ae-861e-244c40833708.jpg?v=1720380441
9302169223506,SPONS HAARBAND| Roze,,2024-07-07T19:26:25Z,48514831352146,0,1,2024-07-07T19:26:26Z,2024-07-07T19:26:25Z,Default Title,Title,Default Title,54029108740434,https://cdn.shopify.com/s/files/1/0781/2844/7826/files/DSC_0960_e6c60d87-eea7-4c47-8413-6b6156d7e055.jpg?v=1720380349
9300599210322,NAIF| Zonnebrand,,2024-07-06T20:57:37Z,48510605295954,0,8,2024-07-06T20:57:39Z,2024-07-06T20:57:37Z,Default Title,Title,Default Title,54017001587026,https://cdn.shopify.com/s/files/1/0781/2844/7826/files/DSC_0946_94fc3358-cb30-4bcc-81bc-2d50b99622fb.jpg?v=1720299261
9300587413842,POCKET HUG,,2024-07-06T20:53:13Z,48510581342546,0,11,2024-07-06T20:53:15Z,2024-07-06T20:53:13Z,Default Title,Title,Default Title,54016923468114,https://cdn.shopify.com/s/files/1/0781/2844/7826/files/DSC_0944_227ca441-0d33-4086-9819-0a180778fe6b.jpg?v=1720299096
9300580729170,VALENTIJN VERRASSINGSBOX,,2024-07-06T20:50:41Z,48510573642066,9.95,10,2024-07-06T20:50:42Z,2024-07-06T20:50:41Z,Default Title,Title,Default Title,56963362586962,https://cdn.shopify.com/s/files/1/0781/2844/7826/files/DSC_0435_88575c91-3ee3-49bf-bf9f-2fe8cb5d553e.jpg?v=1737838671
9300577550674,HAARKLEM| Bloem,,2024-07-06T20:49:10Z,48510569185618,0,6,2024-07-06T20:49:11Z,2024-07-06T20:49:10Z,Default Title,Title,Default Title,54016856359250,https://cdn.shopify.com/s/files/1/0781/2844/7826/files/DSC_0956_dc5d13c3-99f0-496f-877c-f4d7d1e1b918.jpg?v=1720298841
9300571062610,DINER KAARS| Oud roze,,2024-07-06T20:46:01Z,48510559977810,0,6,2024-07-06T20:46:02Z,2024-07-06T20:46:01Z,Default Title,Title,Default Title,56648077803858,https://cdn.shopify.com/s/files/1/0781/2844/7826/files/DSC_0388.jpg?v=1736544754
9300566311250,TOILETTAS| STRIKJES,,2024-07-06T20:42:52Z,48510554112338,0,8,2024-07-06T20:42:53Z,2024-07-06T20:42:52Z,Default Title,Title,Default Title,56437037039954,https://cdn.shopify.com/s/files/1/0781/2844/7826/files/DSC_0280.jpg?v=1734987405
9279252726098,GEURKAARS| Blossom,,2024-06-27T20:25:14Z,48461465616722,0,16,2024-06-27T20:25:16Z,2024-06-27T20:25:14Z,Default Title,Title,Default Title,53830784188754,https://cdn.shopify.com/s/files/1/0781/2844/7826/files/DSC_0926.jpg?v=1736371532
9279249842514,GEURKAARS| Peach,,2024-06-27T20:24:08Z,48461462176082,0,18,2024-06-27T20:24:09Z,2024-06-27T20:24:08Z,Default Title,Title,Default Title,56551592722770,https://cdn.shopify.com/s/files/1/0781/2844/7826/files/DSC_0326-2.jpg?v=1737749334
9279246532946,GEURKAARS| Mango,,2024-06-27T20:22:59Z,48461458309458,0,10,2024-06-27T20:23:01Z,2024-06-27T20:22:59Z,Default Title,Title,Default Title,53830751420754,https://cdn.shopify.com/s/files/1/0781/2844/7826/files/DSC_0929.jpg?v=1719519755
9279233098066,GEURKAARS| Blueberry,,2024-06-27T20:18:02Z,48461442613586,0,6,2024-06-27T20:18:04Z,2024-06-27T20:18:02Z,Default Title,Title,Default Title,53830677299538,https://cdn.shopify.com/s/files/1/0781/2844/7826/files/DSC_0928.jpg?v=1734989106
9266422546770,PEACHY BOX,,2024-06-20T19:52:03Z,48426761322834,29.95,2,2024-06-20T19:50:08Z,2024-06-20T19:50:08Z,Default Title,Title,Default Title,56551580959058,https://cdn.shopify.com/s/files/1/0781/2844/7826/files/DSC_0310.jpg?v=1736372408
9249469628754,JADE ROLLER| groen,,2024-06-14T19:38:30Z,48381511860562,0,13,2024-06-14T19:38:32Z,2024-06-14T19:38:30Z,Default Title,Title,Default Title,54298171933010,https://cdn.shopify.com/s/files/1/0781/2844/7826/files/DSC_0998.jpg?v=1721460494
9249466384722,Lip sleep mask,,2024-06-14T19:32:56Z,48381500621138,0,21,2024-06-14T19:32:57Z,2024-06-14T19:32:56Z,Default Title,Title,Default Title,53638504382802,https://cdn.shopify.com/s/files/1/0781/2844/7826/files/DSC_0880.jpg?v=1718393498
9249463992658,Lip sugar scrub,,2024-06-14T19:30:52Z,48381497475410,0,17,2024-06-14T19:30:54Z,2024-06-14T19:30:52Z,Default Title,Title,Default Title,53638485246290,https://cdn.shopify.com/s/files/1/0781/2844/7826/files/DSC_0878.jpg?v=1718393413
9249462223186,GEZICHTSMASSAGE SET,,2024-06-14T19:29:31Z,48381494231378,0,5,2024-06-14T19:29:32Z,2024-06-14T19:29:31Z,Default Title,Title,Default Title,53638469255506,https://cdn.shopify.com/s/files/1/0781/2844/7826/files/DSC_0893.jpg?v=1718393317
9249458028882,DREAM THEE| 2 theez.,,2024-06-14T19:25:22Z,48381482729810,0,6,2024-06-14T19:25:24Z,2024-06-14T19:25:22Z,Default Title,Title,Default Title,56491449712978,https://cdn.shopify.com/s/files/1/0781/2844/7826/files/DSC_0304-2.jpg?v=1735507543
9249454850386,NOTITIEBOEKJE| Leafs,,2024-06-14T19:22:22Z,48381475619154,0,7,2024-06-14T19:22:23Z,2024-06-14T19:22:22Z,Default Title,Title,Default Title,54171222802770,https://cdn.shopify.com/s/files/1/0781/2844/7826/files/DSC_0978.jpg?v=1720986335
9249453375826,WENSCIRKEL| MAMA,,2024-06-14T19:21:03Z,48381472407890,0,7,2024-06-14T19:21:04Z,2024-06-14T19:21:03Z,Default Title,Title,Default Title,56022441394514,https://cdn.shopify.com/s/files/1/0781/2844/7826/files/DSC_0171-2.jpg?v=1732056489
9243988394322,VALENTIJN KAARS,,2024-06-12T20:11:02Z,48369777279314,0,13,2024-06-12T20:09:52Z,2024-06-12T20:09:52Z,Default Title,Title,Default Title,56764617392466,https://cdn.shopify.com/s/files/1/0781/2844/7826/files/DSC_0397_2ad08a1e-669a-4ceb-8cb1-51b582777dac.jpg?v=1737147822
9243986002258,LIPPENBALSEM PLUM,,2024-06-12T20:08:50Z,48369772724562,0,14,2024-06-12T20:07:52Z,2024-06-12T20:07:52Z,Default Title,Title,Default Title,56919760142674,https://cdn.shopify.com/s/files/1/0781/2844/7826/files/DSC_0419.jpg?v=1737744676
9243983577426,LIPPENBALSEM PEACH,,2024-06-12T20:06:17Z,48369768628562,0,15,2024-06-12T20:06:18Z,2024-06-12T20:06:17Z,Default Title,Title,Default Title,56919760044370,https://cdn.shopify.com/s/files/1/0781/2844/7826/files/DSC_0420_2aa059a4-ffc5-416d-8181-68179d963193.jpg?v=1737744248
9243978039634,LIPPENBALSEM ROSE,,2024-06-12T20:02:55Z,48369760862546,0,13,2024-06-12T20:02:56Z,2024-06-12T20:02:55Z,Default Title,Title,Default Title,56919759782226,https://cdn.shopify.com/s/files/1/0781/2844/7826/files/DSC_0421.jpg?v=1737744248
8980260487506,GOLD EYE OOGMASKER,,2024-06-11T20:58:44Z,48363916951890,0,0,2024-06-11T20:58:45Z,2024-06-11T20:58:44Z,Default Title,Title,Default Title,53589686845778,https://cdn.shopify.com/s/files/1/0781/2844/7826/files/save_as_2024-06-11T20_57_53.662Z.png?v=1736024111
8980167590226,GEZICHTSMASKER| DETOX,,2024-06-11T20:01:38Z,48363614568786,0,18,2024-06-11T20:01:39Z,2024-06-11T20:01:38Z,Default Title,Title,Default Title,53589076083026,https://cdn.shopify.com/s/files/1/0781/2844/7826/files/DSC_0838.jpg?v=1718136051
8980165558610,GEZICHTSMASKER| HYDRATE,,2024-06-11T20:00:33Z,48363610964306,0,15,2024-06-11T20:00:34Z,2024-06-11T20:00:33Z,Default Title,Title,Default Title,53589065171282,https://cdn.shopify.com/s/files/1/0781/2844/7826/files/DSC_0837.jpg?v=1718136006
8980164608338,GEZICHTSMASKER| NOURISH,,2024-06-11T19:59:45Z,48363609391442,0,10,2024-06-11T19:59:46Z,2024-06-11T19:59:45Z,Default Title,Title,Default Title,53609134850386,https://cdn.shopify.com/s/files/1/0781/2844/7826/files/DSC_0865.jpg?v=1718222194
8980163002706,GEZICHTSMASKER| GLOW,,2024-06-11T19:58:32Z,48363602805074,0,0,2024-06-11T19:58:34Z,2024-06-11T19:58:32Z,Default Title,Title,Default Title,53609139011922,https://cdn.shopify.com/s/files/1/0781/2844/7826/files/DSC_0864.jpg?v=1718222194
8980155367762,TONY CHOCOLONELY| Noga,,2024-06-11T19:52:14Z,48363588419922,0,8,2024-06-11T19:52:16Z,2024-06-11T19:52:14Z,Default Title,Title,Default Title,53588985151826,https://cdn.shopify.com/s/files/1/0781/2844/7826/files/DSC_0847.jpg?v=1718135517
8980153467218,TONY CHOCOLONELY| Amandel,,2024-06-11T19:50:42Z,48363584225618,0,1,2024-06-11T19:50:44Z,2024-06-11T19:50:42Z,Default Title,Title,Default Title,53588969783634,https://cdn.shopify.com/s/files/1/0781/2844/7826/files/DSC_0845.jpg?v=1718135343
8966669959506,TEDDY TOILETTAS| AMOUR,,2024-06-05T19:37:40Z,48332508201298,0,0,2024-06-05T19:37:41Z,2024-06-05T19:37:40Z,Default Title,Title,Default Title,56377772998994,https://cdn.shopify.com/s/files/1/0781/2844/7826/files/DSC_0240.jpg?v=1734472461
8876258427218,ARMBANDJE| goud hartjes,,2024-04-25T19:20:56Z,48081755406674,0,17,2024-04-25T19:20:58Z,2024-04-25T19:20:57Z,Default Title,Title,Default Title,52878304608594,https://cdn.shopify.com/s/files/1/0781/2844/7826/files/DSC_0475.jpg?v=1714072860
8874371580242,Cadeaubox,,2024-04-25T10:48:17Z,50026672816466,29.95,-1,2025-01-03T15:05:06Z,2024-04-25T10:48:17Z,81735916706294,Title,81735916706294,52964953653586,https://cdn.shopify.com/s/files/1/0781/2844/7826/files/DSC_0790.jpg?v=1714597222
8874371580242,Cadeaubox,,2024-04-25T10:48:17Z,50027496210770,16.95,0,2025-01-03T18:46:48Z,2024-04-25T10:48:17Z,51735930007735,Title,81735916706294,52964953653586,https://cdn.shopify.com/s/files/1/0781/2844/7826/files/DSC_0790.jpg?v=1714597222
8874371580242,Cadeaubox,,2024-04-25T10:48:17Z,50035276972370,29.95,0,2025-01-05T19:25:56Z,2024-04-25T10:48:17Z,81736105156039,Title,81735916706294,52964953653586,https://cdn.shopify.com/s/files/1/0781/2844/7826/files/DSC_0790.jpg?v=1714597222
8874371580242,Cadeaubox,,2024-04-25T10:48:17Z,50035343262034,29.95,-1,2025-01-05T19:48:07Z,2024-04-25T10:48:17Z,81736106486293,Title,81735916706294,52964953653586,https://cdn.shopify.com/s/files/1/0781/2844/7826/files/DSC_0790.jpg?v=1714597222
8874371580242,Cadeaubox,,2024-04-25T10:48:17Z,50035373637970,16.95,0,2025-01-05T19:59:47Z,2024-04-25T10:48:17Z,51736107187083,Title,81735916706294,52964953653586,https://cdn.shopify.com/s/files/1/0781/2844/7826/files/DSC_0790.jpg?v=1714597222
8874371580242,Cadeaubox,,2024-04-25T10:48:17Z,50035379110226,16.95,0,2025-01-05T20:01:00Z,2024-04-25T10:48:17Z,51736107260668,Title,81735916706294,52964953653586,https://cdn.shopify.com/s/files/1/0781/2844/7826/files/DSC_0790.jpg?v=1714597222
8874371580242,Cadeaubox,,2024-04-25T10:48:17Z,50035381371218,16.95,0,2025-01-05T20:01:44Z,2024-04-25T10:48:17Z,51736107304285,Title,81735916706294,52964953653586,https://cdn.shopify.com/s/files/1/0781/2844/7826/files/DSC_0790.jpg?v=1714597222
8874371580242,Cadeaubox,,2024-04-25T10:48:17Z,50039583244626,29.95,-1,2025-01-06T10:00:39Z,2024-04-25T10:48:17Z,81736157638131,Title,81735916706294,52964953653586,https://cdn.shopify.com/s/files/1/0781/2844/7826/files/DSC_0790.jpg?v=1714597222
8874371580242,Cadeaubox,,2024-04-25T10:48:17Z,50041655624018,39.95,-1,2025-01-06T17:47:31Z,2024-04-25T10:48:17Z,111736185650875,Title,81735916706294,52964953653586,https://cdn.shopify.com/s/files/1/0781/2844/7826/files/DSC_0790.jpg?v=1714597222
8874371580242,Cadeaubox,,2024-04-25T10:48:17Z,50049636041042,29.95,0,2025-01-07T20:06:21Z,2024-04-25T10:48:17Z,81736280381231,Title,81735916706294,52964953653586,https://cdn.shopify.com/s/files/1/0781/2844/7826/files/DSC_0790.jpg?v=1714597222
8874371580242,Cadeaubox,,2024-04-25T10:48:17Z,50056857026898,16.95,0,2025-01-08T20:03:04Z,2024-04-25T10:48:17Z,51736366583536,Title,81735916706294,52964953653586,https://cdn.shopify.com/s/files/1/0781/2844/7826/files/DSC_0790.jpg?v=1714597222
8874371580242,Cadeaubox,,2024-04-25T10:48:17Z,50056917778770,16.95,-1,2025-01-08T20:22:28Z,2024-04-25T10:48:17Z,51736367747486,Title,81735916706294,52964953653586,https://cdn.shopify.com/s/files/1/0781/2844/7826/files/DSC_0790.jpg?v=1714597222
8874371580242,Cadeaubox,,2024-04-25T10:48:17Z,50060206309714,29.95,-1,2025-01-09T11:46:32Z,2024-04-25T10:48:17Z,81736423191379,Title,81735916706294,52964953653586,https://cdn.shopify.com/s/files/1/0781/2844/7826/files/DSC_0790.jpg?v=1714597222
8874371580242,Cadeaubox,,2024-04-25T10:48:17Z,50060784468306,39.95,-1,2025-01-09T13:47:12Z,2024-04-25T10:48:17Z,111736430431985,Title,81735916706294,52964953653586,https://cdn.shopify.com/s/files/1/0781/2844/7826/files/DSC_0790.jpg?v=1714597222
8874371580242,Cadeaubox,,2024-04-25T10:48:17Z,50062148305234,29.95,0,2025-01-09T16:16:14Z,2024-04-25T10:48:17Z,81736439373725,Title,81735916706294,52964953653586,https://cdn.shopify.com/s/files/1/0781/2844/7826/files/DSC_0790.jpg?v=1714597222
8874371580242,Cadeaubox,,2024-04-25T10:48:17Z,50062225834322,29.95,-1,2025-01-09T16:22:51Z,2024-04-25T10:48:17Z,81736439771223,Title,81735916706294,52964953653586,https://cdn.shopify.com/s/files/1/0781/2844/7826/files/DSC_0790.jpg?v=1714597222
8874371580242,Cadeaubox,,2024-04-25T10:48:17Z,50062290682194,29.95,-1,2025-01-09T16:28:39Z,2024-04-25T10:48:17Z,81736440118775,Title,81735916706294,52964953653586,https://cdn.shopify.com/s/files/1/0781/2844/7826/files/DSC_0790.jpg?v=1714597222
8874371580242,Cadeaubox,,2024-04-25T10:48:17Z,50071815487826,39.95,-1,2025-01-11T12:45:26Z,2024-04-25T10:48:17Z,111736599525749,Title,81735916706294,52964953653586,https://cdn.shopify.com/s/files/1/0781/2844/7826/files/DSC_0790.jpg?v=1714597222
8874371580242,Cadeaubox,,2024-04-25T10:48:17Z,50076772368722,16.95,-1,2025-01-12T16:18:16Z,2024-04-25T10:48:17Z,51736698695462,Title,81735916706294,52964953653586,https://cdn.shopify.com/s/files/1/0781/2844/7826/files/DSC_0790.jpg?v=1714597222
8874371580242,Cadeaubox,,2024-04-25T10:48:17Z,50079295013202,16.95,0,2025-01-13T07:07:26Z,2024-04-25T10:48:17Z,51736752046123,Title,81735916706294,52964953653586,https://cdn.shopify.com/s/files/1/0781/2844/7826/files/DSC_0790.jpg?v=1714597222
8874371580242,Cadeaubox,,2024-04-25T10:48:17Z,50080642105682,16.95,0,2025-01-13T13:39:33Z,2024-04-25T10:48:17Z,51736775572493,Title,81735916706294,52964953653586,https://cdn.shopify.com/s/files/1/0781/2844/7826/files/DSC_0790.jpg?v=1714597222
8874371580242,Cadeaubox,,2024-04-25T10:48:17Z,50083284812114,16.95,-1,2025-01-13T19:59:43Z,2024-04-25T10:48:17Z,51736798383105,Title,81735916706294,52964953653586,https://cdn.shopify.com/s/files/1/0781/2844/7826/files/DSC_0790.jpg?v=1714597222
8874371580242,Cadeaubox,,2024-04-25T10:48:17Z,50086608306514,16.95,-1,2025-01-14T11:16:32Z,2024-04-25T10:48:17Z,51736853391302,Title,81735916706294,52964953653586,https://cdn.shopify.com/s/files/1/0781/2844/7826/files/DSC_0790.jpg?v=1714597222
8874371580242,Cadeaubox,,2024-04-25T10:48:17Z,50094288634194,29.95,-1,2025-01-15T06:53:21Z,2024-04-25T10:48:17Z,81736924001130,Title,81735916706294,52964953653586,https://cdn.shopify.com/s/files/1/0781/2844/7826/files/DSC_0790.jpg?v=1714597222
8874371580242,Cadeaubox,,2024-04-25T10:48:17Z,50100109771090,39.95,-1,2025-01-16T10:16:21Z,2024-04-25T10:48:17Z,111737022580647,Title,81735916706294,52964953653586,https://cdn.shopify.com/s/files/1/0781/2844/7826/files/DSC_0790.jpg?v=1714597222
8874371580242,Cadeaubox,,2024-04-25T10:48:17Z,50102843310418,16.95,0,2025-01-16T17:35:18Z,2024-04-25T10:48:17Z,51737048918125,Title,81735916706294,52964953653586,https://cdn.shopify.com/s/files/1/0781/2844/7826/files/DSC_0790.jpg?v=1714597222
8874371580242,Cadeaubox,,2024-04-25T10:48:17Z,50104041046354,39.95,-1,2025-01-16T20:52:43Z,2024-04-25T10:48:17Z,111737060763059,Title,81735916706294,52964953653586,https://cdn.shopify.com/s/files/1/0781/2844/7826/files/DSC_0790.jpg?v=1714597222
8874371580242,Cadeaubox,,2024-04-25T10:48:17Z,50110950637906,39.95,0,2025-01-17T21:35:48Z,2024-04-25T10:48:17Z,111737149747642,Title,81735916706294,52964953653586,https://cdn.shopify.com/s/files/1/0781/2844/7826/files/DSC_0790.jpg?v=1714597222
8874371580242,Cadeaubox,,2024-04-25T10:48:17Z,50113175716178,29.95,-1,2025-01-18T09:02:52Z,2024-04-25T10:48:17Z,81737190971448,Title,81735916706294,52964953653586,https://cdn.shopify.com/s/files/1/0781/2844/7826/files/DSC_0790.jpg?v=1714597222
8874371580242,Cadeaubox,,2024-04-25T10:48:17Z,50123103928658,39.95,0,2025-01-20T15:28:52Z,2024-04-25T10:48:17Z,111737386931753,Title,81735916706294,52964953653586,https://cdn.shopify.com/s/files/1/0781/2844/7826/files/DSC_0790.jpg?v=1714597222
8874371580242,Cadeaubox,,2024-04-25T10:48:17Z,50124465373522,29.95,-1,2025-01-20T20:49:45Z,2024-04-25T10:48:17Z,81737406184837,Title,81735916706294,52964953653586,https://cdn.shopify.com/s/files/1/0781/2844/7826/files/DSC_0790.jpg?v=1714597222
8874371580242,Cadeaubox,,2024-04-25T10:48:17Z,50126399045970,29.95,-1,2025-01-21T09:16:59Z,2024-04-25T10:48:17Z,81737451019062,Title,81735916706294,52964953653586,https://cdn.shopify.com/s/files/1/0781/2844/7826/files/DSC_0790.jpg?v=1714597222
8874371580242,Cadeaubox,,2024-04-25T10:48:17Z,50128402481490,29.95,-1,2025-01-21T20:43:41Z,2024-04-25T10:48:17Z,81737492221161,Title,81735916706294,52964953653586,https://cdn.shopify.com/s/files/1/0781/2844/7826/files/DSC_0790.jpg?v=1714597222
8874371580242,Cadeaubox,,2024-04-25T10:48:17Z,50146098381138,29.95,-1,2025-01-23T20:02:29Z,2024-04-25T10:48:17Z,81737662548896,Title,81735916706294,52964953653586,https://cdn.shopify.com/s/files/1/0781/2844/7826/files/DSC_0790.jpg?v=1714597222
8874371580242,Cadeaubox,,2024-04-25T10:48:17Z,50146202681682,29.95,-1,2025-01-23T20:53:06Z,2024-04-25T10:48:17Z,81737665585815,Title,81735916706294,52964953653586,https://cdn.shopify.com/s/files/1/0781/2844/7826/files/DSC_0790.jpg?v=1714597222
8874371580242,Cadeaubox,,2024-04-25T10:48:17Z,50150398230866,29.95,-1,2025-01-24T20:35:56Z,2024-04-25T10:48:17Z,81737750955228,Title,81735916706294,52964953653586,https://cdn.shopify.com/s/files/1/0781/2844/7826/files/DSC_0790.jpg?v=1714597222
8874371580242,Cadeaubox,,2024-04-25T10:48:17Z,50152155218258,16.95,0,2025-01-25T14:56:17Z,2024-04-25T10:48:17Z,51737816976249,Title,81735916706294,52964953653586,https://cdn.shopify.com/s/files/1/0781/2844/7826/files/DSC_0790.jpg?v=1714597222
8874371580242,Cadeaubox,,2024-04-25T10:48:17Z,50152209809746,16.95,0,2025-01-25T15:24:20Z,2024-04-25T10:48:17Z,51737818659947,Title,81735916706294,52964953653586,https://cdn.shopify.com/s/files/1/0781/2844/7826/files/DSC_0790.jpg?v=1714597222
8874371580242,Cadeaubox,,2024-04-25T10:48:17Z,50152278032722,29.95,-1,2025-01-25T16:16:07Z,2024-04-25T10:48:17Z,81737821766454,Title,81735916706294,52964953653586,https://cdn.shopify.com/s/files/1/0781/2844/7826/files/DSC_0790.jpg?v=1714597222
8874371580242,Cadeaubox,,2024-04-25T10:48:17Z,50153513550162,39.95,-1,2025-01-25T18:39:47Z,2024-04-25T10:48:17Z,111737830386581,Title,81735916706294,52964953653586,https://cdn.shopify.com/s/files/1/0781/2844/7826/files/DSC_0790.jpg?v=1714597222
8874371580242,Cadeaubox,,2024-04-25T10:48:17Z,50159396913490,16.95,0,2025-01-26T13:43:00Z,2024-04-25T10:48:17Z,51737898979852,Title,81735916706294,52964953653586,https://cdn.shopify.com/s/files/1/0781/2844/7826/files/DSC_0790.jpg?v=1714597222
8874371580242,Cadeaubox,,2024-04-25T10:48:17Z,50162879103314,16.95,-1,2025-01-26T19:22:40Z,2024-04-25T10:48:17Z,51737919359565,Title,81735916706294,52964953653586,https://cdn.shopify.com/s/files/1/0781/2844/7826/files/DSC_0790.jpg?v=1714597222
8874371580242,Cadeaubox,,2024-04-25T10:48:17Z,50168991449426,29.95,-1,2025-01-27T17:21:32Z,2024-04-25T10:48:17Z,81737998491469,Title,81735916706294,52964953653586,https://cdn.shopify.com/s/files/1/0781/2844/7826/files/DSC_0790.jpg?v=1714597222
8874371580242,Cadeaubox,,2024-04-25T10:48:17Z,50173882958162,39.95,-1,2025-01-28T09:13:48Z,2024-04-25T10:48:17Z,111738055627556,Title,81735916706294,52964953653586,https://cdn.shopify.com/s/files/1/0781/2844/7826/files/DSC_0790.jpg?v=1714597222
8874371580242,Cadeaubox,,2024-04-25T10:48:17Z,50174405738834,16.95,0,2025-01-28T12:25:04Z,2024-04-25T10:48:17Z,41738067103181,Title,81735916706294,52964953653586,https://cdn.shopify.com/s/files/1/0781/2844/7826/files/DSC_0790.jpg?v=1714597222
8874371580242,Cadeaubox,,2024-04-25T10:48:17Z,50174592811346,16.95,0,2025-01-28T13:41:22Z,2024-04-25T10:48:17Z,51738071681230,Title,81735916706294,52964953653586,https://cdn.shopify.com/s/files/1/0781/2844/7826/files/DSC_0790.jpg?v=1714597222
8874371580242,Cadeaubox,,2024-04-25T10:48:17Z,50174663917906,16.95,0,2025-01-28T13:49:00Z,2024-04-25T10:48:17Z,51738072139645,Title,81735916706294,52964953653586,https://cdn.shopify.com/s/files/1/0781/2844/7826/files/DSC_0790.jpg?v=1714597222
8874371580242,Cadeaubox,,2024-04-25T10:48:17Z,50174665752914,16.95,0,2025-01-28T13:50:30Z,2024-04-25T10:48:17Z,41738072230455,Title,81735916706294,52964953653586,https://cdn.shopify.com/s/files/1/0781/2844/7826/files/DSC_0790.jpg?v=1714597222
8874371580242,Cadeaubox,,2024-04-25T10:48:17Z,50175668191570,16.95,0,2025-01-28T17:10:53Z,2024-04-25T10:48:17Z,51738084252302,Title,81735916706294,52964953653586,https://cdn.shopify.com/s/files/1/0781/2844/7826/files/DSC_0790.jpg?v=1714597222
8874371580242,Cadeaubox,,2024-04-25T10:48:17Z,50175892095314,16.95,0,2025-01-28T18:37:43Z,2024-04-25T10:48:17Z,41738089462193,Title,81735916706294,52964953653586,https://cdn.shopify.com/s/files/1/0781/2844/7826/files/DSC_0790.jpg?v=1714597222
8874371580242,Cadeaubox,,2024-04-25T10:48:17Z,50176785875282,16.95,0,2025-01-29T00:45:12Z,2024-04-25T10:48:17Z,51738111511820,Title,81735916706294,52964953653586,https://cdn.shopify.com/s/files/1/0781/2844/7826/files/DSC_0790.jpg?v=1714597222
8874371580242,Cadeaubox,,2024-04-25T10:48:17Z,50177152516434,16.95,0,2025-01-29T05:08:55Z,2024-04-25T10:48:17Z,51738127334399,Title,81735916706294,52964953653586,https://cdn.shopify.com/s/files/1/0781/2844/7826/files/DSC_0790.jpg?v=1714597222
8874371580242,Cadeaubox,,2024-04-25T10:48:17Z,50178720530770,16.95,0,2025-01-29T12:28:26Z,2024-04-25T10:48:17Z,51738153705730,Title,81735916706294,52964953653586,https://cdn.shopify.com/s/files/1/0781/2844/7826/files/DSC_0790.jpg?v=1714597222
8874371580242,Cadeaubox,,2024-04-25T10:48:17Z,50181401837906,29.95,-1,2025-01-29T21:16:58Z,2024-04-25T10:48:17Z,81738185417570,Title,81735916706294,52964953653586,https://cdn.shopify.com/s/files/1/0781/2844/7826/files/DSC_0790.jpg?v=1714597222
8874371580242,Cadeaubox,,2024-04-25T10:48:17Z,50182891733330,16.95,0,2025-01-30T06:28:45Z,2024-04-25T10:48:17Z,51738218524746,Title,81735916706294,52964953653586,https://cdn.shopify.com/s/files/1/0781/2844/7826/files/DSC_0790.jpg?v=1714597222
8840775893330,TONY CHOCOLONELY| Melk,,2024-04-16T19:31:32Z,48012570132818,0,2,2024-04-16T19:31:33Z,2024-04-16T19:31:32Z,Default Title,Title,Default Title,52735507857746,https://cdn.shopify.com/s/files/1/0781/2844/7826/files/DSC_0766.jpg?v=1713295896
8825466224978,BLOEMZAADJES CELEBRATE,,2024-04-09T19:37:00Z,47962208960850,0,11,2024-04-09T19:37:01Z,2024-04-09T19:37:00Z,Default Title,Title,Default Title,52648141193554,https://cdn.shopify.com/s/files/1/0781/2844/7826/files/DSC_0731.jpg?v=1712691423
8825465209170,BLOEMZAADJES HAPPINESS,,2024-04-09T19:33:22Z,47962196345170,0,3,2024-04-09T19:33:23Z,2024-04-09T19:33:22Z,Default Title,Title,Default Title,52648116978002,https://cdn.shopify.com/s/files/1/0781/2844/7826/files/DSC_0730.jpg?v=1712691206
8788312621394,MOMMY THEE| 2 theez.,,2024-03-13T21:33:14Z,47819239850322,0,7,2024-03-13T21:33:15Z,2024-03-13T21:33:14Z,Default Title,Title,Default Title,56647723385170,https://cdn.shopify.com/s/files/1/0781/2844/7826/files/DSC_0374_6ec99945-5417-4c35-a188-6c132c05a108.jpg?v=1736542877
8785764090194,HOT CHOCOLATE | Hazelnoot,,2024-03-11T20:07:07Z,47809074659666,0,8,2024-03-11T20:07:07Z,2024-03-11T20:07:07Z,Default Title,Title,Default Title,56390069846354,https://cdn.shopify.com/s/files/1/0781/2844/7826/files/DSC_0272.jpg?v=1734555190
8785762451794,HOT CHOCOLATE | Kaneel,,2024-03-11T20:04:51Z,47809070793042,0,0,2024-03-11T20:04:51Z,2024-03-11T20:04:51Z,Default Title,Title,Default Title,56390049202514,https://cdn.shopify.com/s/files/1/0781/2844/7826/files/DSC_0273.jpg?v=1734555034
8764132229458,RODE HARTJES oorbellen,,2024-07-12T19:18:38Z,47731335233874,0,3,2024-02-22T19:54:17Z,2024-02-22T19:54:17Z,Default Title,Title,Default Title,56764728344914,https://cdn.shopify.com/s/files/1/0781/2844/7826/files/DSC_0407.jpg?v=1737742788
8764124037458,LITTLE LOVE BOX,,2024-07-12T19:20:14Z,47731328188754,16.95,2,2024-02-22T19:44:20Z,2024-02-22T19:44:19Z,Default Title,Title,Default Title,56377772998994,https://cdn.shopify.com/s/files/1/0781/2844/7826/files/DSC_0240.jpg?v=1734472461
8764119777618,MINI BOX BLUE,,2024-02-22T19:21:27Z,47731307675986,16.95,1,2024-02-22T19:21:29Z,2024-02-22T19:21:27Z,Default Title,Title,Default Title,55345732944210,https://cdn.shopify.com/s/files/1/0781/2844/7826/files/DSC_0048.jpg?v=1727813328
8763209056594,BIRTHDAY BOX,,2024-02-21T21:59:48Z,47728239247698,29.95,2,2024-02-21T21:59:49Z,2024-02-21T21:59:48Z,Default Title,Title,Default Title,53830677299538,https://cdn.shopify.com/s/files/1/0781/2844/7826/files/DSC_0928.jpg?v=1734989106
8763205222738,HUG THEE| 2 theez.,,2024-02-21T21:54:56Z,47728221094226,0,5,2024-02-21T21:54:56Z,2024-02-21T21:54:56Z,Default Title,Title,Default Title,56647812940114,https://cdn.shopify.com/s/files/1/0781/2844/7826/files/DSC_0376-2.jpg?v=1736543394
8763204501842,BIRTHDAY THEE| 2 theez.,,2024-02-21T21:54:04Z,47728217948498,0,5,2024-02-21T21:54:05Z,2024-02-21T21:54:04Z,Default Title,Title,Default Title,56647805534546,https://cdn.shopify.com/s/files/1/0781/2844/7826/files/DSC_0373-2.jpg?v=1736543319
8763203420498,C'EST LA VIE BOX,,2024-02-21T21:52:49Z,47728213918034,16.95,0,2024-02-21T21:52:50Z,2024-02-21T21:52:49Z,Default Title,Title,Default Title,56377815335250,https://cdn.shopify.com/s/files/1/0781/2844/7826/files/DSC_0243-2.jpg?v=1734472015
8763173241170,MAKE-UP HAARBAND| Wit,,2024-02-21T21:23:14Z,47728075997522,0,32,2024-02-21T21:23:15Z,2024-02-21T21:23:14Z,Default Title,Title,Default Title,52185468338514,https://cdn.shopify.com/s/files/1/0781/2844/7826/files/DSC_0437.jpg?v=1708550642
8763172520274,MAKE-UP HAARBAND| Blauw,,2024-02-21T21:22:34Z,47728073015634,0,32,2024-02-21T21:22:35Z,2024-02-21T21:22:34Z,Default Title,Title,Default Title,52185461195090,https://cdn.shopify.com/s/files/1/0781/2844/7826/files/DSC_0435.jpg?v=1708550557
8763164131666,MAKE-UP HAARBAND| Roze,,2024-02-21T21:15:07Z,47728035103058,0,32,2024-02-21T21:15:08Z,2024-02-21T21:15:07Z,Default Title,Title,Default Title,52185418858834,https://cdn.shopify.com/s/files/1/0781/2844/7826/files/DSC_0436.jpg?v=1708550110
8763158004050,MAKE-UP HAARBAND| Lila,,2024-02-21T21:10:04Z,47728010002770,0,45,2024-02-21T21:10:05Z,2024-02-21T21:10:04Z,Default Title,Title,Default Title,52185384649042,https://cdn.shopify.com/s/files/1/0781/2844/7826/files/DSC_0434.jpg?v=1708549808
8746687725906,Mystery Product,,2024-02-08T09:42:30Z,47666204672338,1,-1,2024-02-08T09:42:30Z,2024-02-08T09:42:30Z,Default Title,Title,Default Title,52062800740690,https://cdn.shopify.com/s/files/1/0781/2844/7826/files/2024-02-08-10_4230am-blob.png?v=1707385353
8686221623634,OORBELLEN| Hartje,,2023-12-20T08:39:15Z,47466155311442,0,66,2023-12-20T08:39:16Z,2023-12-20T08:39:15Z,Default Title,Title,Default Title,52130958410066,https://cdn.shopify.com/s/files/1/0781/2844/7826/files/DSC_0440.jpg?v=1720610186
8669211459922,BIRTHDAY ADVENT KALENDER,,2023-12-03T20:12:54Z,47400672133458,49.95,8,2023-12-03T20:12:55Z,2023-12-03T20:12:54Z,Default Title,Title,Default Title,56609251393874,https://cdn.shopify.com/s/files/1/0781/2844/7826/files/DSC_0351_a068492e-e431-486f-9466-296ff629e8fe.jpg?v=1736283703
8669211066706,BOEKENLEGGER| Veer,,2023-12-03T20:11:48Z,47400670134610,0,6,2023-12-03T20:11:49Z,2023-12-03T20:11:48Z,Default Title,Title,Default Title,55372460687698,https://cdn.shopify.com/s/files/1/0781/2844/7826/files/DSC_0055-2.jpg?v=1727945267
8669210902866,TEDDY SCRUNCHIE| Bruin,,2023-12-03T20:10:48Z,47400669184338,0,7,2023-12-03T20:10:49Z,2023-12-03T20:10:48Z,Default Title,Title,Default Title,56065449951570,https://cdn.shopify.com/s/files/1/0781/2844/7826/files/DSC_0198.jpg?v=1732225039
8669210575186,VALENTIJN SOKKEN,,2023-12-03T20:10:06Z,47400668201298,0,10,2023-12-03T20:10:07Z,2023-12-03T20:10:06Z,Default Title,Title,Default Title,56764748988754,https://cdn.shopify.com/s/files/1/0781/2844/7826/files/DSC_0401.jpg?v=1737149324
8669210247506,GUA SHA STEEN,,2023-12-03T20:08:30Z,47400666497362,0,9,2023-12-03T20:08:31Z,2023-12-03T20:08:30Z,Default Title,Title,Default Title,51369351807314,https://cdn.shopify.com/s/files/1/0781/2844/7826/files/DSC_0338.jpg?v=1701634114
8669208838482,GIRLS SUPPORT BEDELTJE,,2023-12-03T20:03:59Z,47400659059026,0,7,2023-12-03T20:04:00Z,2023-12-03T20:03:59Z,Default Title,Title,Default Title,54016680034642,https://cdn.shopify.com/s/files/1/0781/2844/7826/files/DSC_0955.jpg?v=1720297872
8664232558930,ARMBAND| Jade Chip,,2023-11-29T21:06:53Z,47357165470034,0,3,2023-11-29T21:06:53Z,2023-11-29T21:06:53Z,Default Title,Title,Default Title,51317881798994,https://cdn.shopify.com/s/files/1/0781/2844/7826/files/DSC_0212_82c20e23-3f7c-488a-8c6a-30d4e29d79cc.jpg?v=1736543946
8664231477586,KAARSEN| Marmer,,2023-11-29T21:04:37Z,47357154066770,0,1,2023-11-29T21:04:38Z,2023-11-29T21:04:37Z,Default Title,Title,Default Title,51317863514450,https://cdn.shopify.com/s/files/1/0781/2844/7826/files/DSC_0194_eb098666-f03f-418f-9c99-9a5770a33a02.jpg?v=1701291881
8664228266322,TEDDY SCRUNCHIE| Beige,,2023-11-29T21:01:59Z,47357135716690,0,5,2023-11-29T21:01:59Z,2023-11-29T21:01:59Z,Default Title,Title,Default Title,56065442611538,https://cdn.shopify.com/s/files/1/0781/2844/7826/files/DSC_0193.jpg?v=1732224981
8664225382738,SLEUTELHANGER| Parel,,2023-11-29T20:57:22Z,47357105439058,0,49,2023-11-29T20:57:22Z,2023-11-29T20:57:22Z,Default Title,Title,Default Title,52185329500498,https://cdn.shopify.com/s/files/1/0781/2844/7826/files/DSC_0455.jpg?v=1708549244
8664225120594,BIRTHDAY SOCKS,,2023-11-29T20:56:05Z,47357103931730,0,30,2023-11-29T20:56:05Z,2023-11-29T20:56:05Z,Default Title,Title,Default Title,52185342345554,https://cdn.shopify.com/s/files/1/0781/2844/7826/files/DSC_0420.jpg?v=1708549379
8664224268626,SLEUTELHANGER| Good Vibes,,2023-11-29T20:54:06Z,47357090267474,0,78,2023-11-29T20:54:06Z,2023-11-29T20:54:06Z,Default Title,Title,Default Title,52185306857810,https://cdn.shopify.com/s/files/1/0781/2844/7826/files/DSC_0439.jpg?v=1708548920
8664222925138,NAIF| Shampoo,,2023-11-29T20:52:21Z,47357084402002,0,11,2023-11-29T20:52:21Z,2023-11-29T20:52:21Z,Default Title,Title,Default Title,51381112668498,https://cdn.shopify.com/s/files/1/0781/2844/7826/files/DSC_0372.jpg?v=1701726871
8664222204242,NAIF| Bodylotion,,2023-11-29T20:51:36Z,47357080895826,0,9,2023-11-29T20:51:36Z,2023-11-29T20:51:36Z,Default Title,Title,Default Title,51381110178130,https://cdn.shopify.com/s/files/1/0781/2844/7826/files/DSC_0373.jpg?v=1701726849
8664221417810,NAIF| Wasgel,,2023-11-29T20:50:19Z,47357075161426,0,11,2023-11-29T20:50:20Z,2023-11-29T20:50:19Z,Default Title,Title,Default Title,51381116207442,https://cdn.shopify.com/s/files/1/0781/2844/7826/files/DSC_0374.jpg?v=1701726893
8664220467538,SLEUTELHANGER| Macramé,,2023-11-29T20:49:00Z,47357071262034,0,8,2023-11-29T20:49:00Z,2023-11-29T20:49:00Z,Default Title,Title,Default Title,56491440963922,https://cdn.shopify.com/s/files/1/0781/2844/7826/files/DSC_0300-4.jpg?v=1735507495
8664219648338,KAARS| Dip dye geel,,2023-11-29T20:48:02Z,47357063004498,0,5,2023-11-29T20:48:02Z,2023-11-29T20:48:02Z,Default Title,Title,Default Title,51317698658642,https://cdn.shopify.com/s/files/1/0781/2844/7826/files/DSC_0253.jpg?v=1701290886
8664218665298,KAARS| Dip dye blauw,,2023-11-29T20:47:14Z,47357056319826,0,12,2023-11-29T20:47:14Z,2023-11-29T20:47:14Z,Default Title,Title,Default Title,51317686239570,https://cdn.shopify.com/s/files/1/0781/2844/7826/files/DSC_0250.jpg?v=1701290838
8664216699218,KAARS| Birthday,,2023-11-29T20:43:52Z,47357044687186,0,4,2023-11-29T20:43:52Z,2023-11-29T20:43:52Z,Default Title,Title,Default Title,51317658517842,https://cdn.shopify.com/s/files/1/0781/2844/7826/files/DSC_0248.jpg?v=1701290635
8664215486802,LIPMASKER| Vegan,,2023-11-29T20:42:24Z,47357032628562,0,42,2023-11-29T20:42:24Z,2023-11-29T20:42:24Z,Default Title,Title,Default Title,51317641347410,https://cdn.shopify.com/s/files/1/0781/2844/7826/files/DSC_0266.jpg?v=1701290548
8664214241618,OOGMASKER| Diamond Eye,,2023-11-29T20:41:22Z,47357027320146,0,46,2023-11-29T20:41:22Z,2023-11-29T20:41:22Z,Default Title,Title,Default Title,51317628698962,https://cdn.shopify.com/s/files/1/0781/2844/7826/files/DSC_0278.jpg?v=1701290486
8664213520722,BUIKMASKER| Beloved,,2023-11-29T20:40:03Z,47357021323602,0,11,2023-11-29T20:40:03Z,2023-11-29T20:40:03Z,Default Title,Title,Default Title,51317617557842,https://cdn.shopify.com/s/files/1/0781/2844/7826/files/DSC_0300.jpg?v=1701290407
8664209064274,COZY SOKKEN| Creme,,2023-11-29T20:36:07Z,47356991373650,0,20,2023-11-29T20:36:07Z,2023-11-29T20:36:07Z,Default Title,Title,Default Title,51317562933586,https://cdn.shopify.com/s/files/1/0781/2844/7826/files/DSC_0309.jpg?v=1701290170
8664205951314,COZY SOKKEN| Roze,,2023-11-29T20:34:34Z,47356974137682,0,8,2023-11-29T20:34:34Z,2023-11-29T20:34:34Z,Default Title,Title,Default Title,51317537210706,https://cdn.shopify.com/s/files/1/0781/2844/7826/files/DSC_0311.jpg?v=1710366480
8664203428178,COZY SOKKEN| Beige,,2023-11-29T20:32:58Z,47356963848530,0,0,2023-11-29T20:32:58Z,2023-11-29T20:32:58Z,Default Title,Title,Default Title,51317516009810,https://cdn.shopify.com/s/files/1/0781/2844/7826/files/DSC_0305.jpg?v=1701289981
8664200380754,LOVE THEE| 2 theez.,,2023-11-29T20:28:28Z,47356939698514,0,7,2023-11-29T20:28:29Z,2023-11-29T20:28:28Z,Default Title,Title,Default Title,56647808581970,https://cdn.shopify.com/s/files/1/0781/2844/7826/files/DSC_0375-2.jpg?v=1736543350
8664199922002,GUA SHA| Jade,,2023-11-29T20:27:04Z,47356937896274,0,17,2023-11-29T20:27:04Z,2023-11-29T20:27:04Z,Default Title,Title,Default Title,56377746227538,https://cdn.shopify.com/s/files/1/0781/2844/7826/files/DSC_0244-2.jpg?v=1734471563
8664198086994,BAMBI SOKKEN,,2023-11-29T20:24:52Z,47356929835346,0,5,2023-11-29T20:24:52Z,2023-11-29T20:24:52Z,Default Title,Title,Default Title,56437028946258,https://cdn.shopify.com/s/files/1/0781/2844/7826/files/DSC_0293.jpg?v=1734987405
8657690001746,OOGMASKER| Hyaluronzuur,,2023-11-24T20:49:02Z,47325588717906,0,38,2023-11-24T20:49:02Z,2023-11-24T20:49:02Z,Default Title,Title,Default Title,56647766638930,https://cdn.shopify.com/s/files/1/0781/2844/7826/files/DSC_0384_55e54b94-6bf2-4cee-ada8-6bc84565b8c9.jpg?v=1736543004
8657687871826,OOGMASKER| Vit. E,,2023-11-24T20:45:49Z,47325566107986,0,47,2023-11-24T20:45:49Z,2023-11-24T20:45:49Z,Default Title,Title,Default Title,56647770407250,https://cdn.shopify.com/s/files/1/0781/2844/7826/files/DSC_0380.jpg?v=1736543033
8657675419986,OOGMASKER| Aloë Vera,,2023-11-24T20:32:09Z,47325483827538,0,38,2023-11-24T20:32:09Z,2023-11-24T20:32:09Z,Default Title,Title,Default Title,56647763525970,https://cdn.shopify.com/s/files/1/0781/2844/7826/files/DSC_0381.jpg?v=1736542984
8657659167058,COCKTAILMIX| Margarita,,2023-11-24T20:09:46Z,47325375267154,0,0,2023-11-24T20:09:47Z,2023-11-24T20:09:47Z,Default Title,Title,Default Title,51234175811922,https://cdn.shopify.com/s/files/1/0781/2844/7826/files/DSC_0235.jpg?v=1700856590
8657658282322,COCKTALMIX| Passion,,2023-11-24T20:07:32Z,47325365010770,0,0,2023-11-24T20:07:32Z,2023-11-24T20:07:32Z,Default Title,Title,Default Title,51234156052818,https://cdn.shopify.com/s/files/1/0781/2844/7826/files/DSC_0226.jpg?v=1700856456
8657657200978,RODE GEURKAARSJES 3st.,,2023-11-24T20:05:36Z,47325359079762,0,5,2023-11-24T20:05:36Z,2023-11-24T20:05:36Z,Default Title,Title,Default Title,56764827107666,https://cdn.shopify.com/s/files/1/0781/2844/7826/files/DSC_0410.jpg?v=1737150128
8657649566034,PEN| Geel,,2023-11-24T19:59:25Z,47325322641746,0,23,2023-11-24T19:59:25Z,2023-11-24T19:59:25Z,Default Title,Title,Default Title,54171154973010,https://cdn.shopify.com/s/files/1/0781/2844/7826/files/DSC_0990.jpg?v=1720810023
8657648288082,GEZICHTSMASKER| Honey,,2023-11-24T19:58:25Z,47325319856466,0,27,2023-11-24T19:58:26Z,2023-11-24T19:58:25Z,Default Title,Title,Default Title,51390831362386,https://cdn.shopify.com/s/files/1/0781/2844/7826/files/DSC_0404.jpg?v=1701807115
8657637081426,GEZICHTSMASKER| Pearl,,2023-11-24T19:49:10Z,47325268443474,0,29,2023-11-24T19:49:10Z,2023-11-24T19:49:10Z,Default Title,Title,Default Title,51390834934098,https://cdn.shopify.com/s/files/1/0781/2844/7826/files/DSC_0405.jpg?v=1701807135
8657632756050,GEZICHTSMASKER| Aqua,,2023-11-24T19:44:53Z,47325249601874,0,48,2023-11-24T19:44:53Z,2023-11-24T19:44:53Z,Default Title,Title,Default Title,51390824743250,https://cdn.shopify.com/s/files/1/0781/2844/7826/files/DSC_0403.jpg?v=1701807054
8657628528978,SCRUNCHIE| Lila,,2023-11-24T19:40:24Z,47325228204370,0,11,2023-11-24T19:40:24Z,2023-11-24T19:40:24Z,Default Title,Title,Default Title,52735476367698,https://cdn.shopify.com/s/files/1/0781/2844/7826/files/DSC_0769.jpg?v=1713295680
8657627513170,SCRUNCHIE | Rood,,2023-11-24T19:39:17Z,47325222437202,0,8,2023-11-24T19:39:17Z,2023-11-24T19:39:17Z,Default Title,Title,Default Title,56065460109650,https://cdn.shopify.com/s/files/1/0781/2844/7826/files/DSC_0196.jpg?v=1732225097
8657625940306,SLAAPMASKER| Lila,,2023-11-24T19:37:36Z,47325215588690,0,33,2023-11-24T19:37:36Z,2023-11-24T19:37:36Z,Default Title,Title,Default Title,51233684750674,https://cdn.shopify.com/s/files/1/0781/2844/7826/files/DSC_0242.jpg?v=1700854660
8657624629586,SLAAPMASKER| Blauw,,2023-11-24T19:36:25Z,47325212770642,0,36,2023-11-24T19:36:25Z,2023-11-24T19:36:25Z,Default Title,Title,Default Title,51233666335058,https://cdn.shopify.com/s/files/1/0781/2844/7826/files/DSC_0245.jpg?v=1700854589
8657623122258,SLAAPMASKER| Wit,,2023-11-24T19:34:43Z,47325205856594,0,12,2023-11-24T19:34:43Z,2023-11-24T19:34:43Z,Default Title,Title,Default Title,51233644577106,https://cdn.shopify.com/s/files/1/0781/2844/7826/files/DSC_0244.jpg?v=1700854487
8657608835410,SLAAPMASKER| Roze,,2023-11-24T19:25:19Z,47325163815250,0,7,2023-11-24T19:25:19Z,2023-11-24T19:25:19Z,Default Title,Title,Default Title,51233520058706,https://cdn.shopify.com/s/files/1/0781/2844/7826/files/DSC_0243.jpg?v=1700854059
8657065640274,Select Sticker,,,47322482999634,10,0,2023-11-24T12:02:09Z,2023-11-24T12:02:08Z,Default Title,Title,Default Title,51227912831314,https://cdn.shopify.com/s/files/1/0781/2844/7826/files/2023-11-24-13_0209pm-blob.png?v=1700827332
8641744470354,SLAAPMASKER| Groen,,2023-11-09T20:13:37Z,47255973331282,0,15,2023-11-09T20:09:37Z,2023-11-09T20:09:37Z,Default Title,Title,Default Title,51233429389650,https://cdn.shopify.com/s/files/1/0781/2844/7826/files/DSC_0246.jpg?v=1700853804
8640013074770,PREGNANT BOX,,2023-11-07T20:19:49Z,47246518911314,29.95,8,2023-11-07T20:19:49Z,2023-11-07T20:19:49Z,Default Title,Title,Default Title,52185721700690,https://cdn.shopify.com/s/files/1/0781/2844/7826/files/DSC_0300_41e66589-ecab-4e18-88f1-eb50e9c5e392.jpg?v=1717617866
8639974211922,OOGMASKER| Collageen,,2023-11-07T19:07:38Z,47246334230866,0,34,2023-11-07T19:07:38Z,2023-11-07T19:07:38Z,Default Title,Title,Default Title,56647729906002,https://cdn.shopify.com/s/files/1/0781/2844/7826/files/DSC_0385.jpg?v=1736542917
8639972114770,GEZICHTSMASKER| Collageen,,2023-11-07T19:04:01Z,47246315127122,0,31,2023-11-07T19:04:01Z,2023-11-07T19:04:01Z,Default Title,Title,Default Title,51390829003090,https://cdn.shopify.com/s/files/1/0781/2844/7826/files/DSC_0402.jpg?v=1701807089
8602026869074,SCRUNCHIE | Roze,,2023-10-05T07:57:18Z,47102284759378,0,5,2023-10-05T07:57:18Z,2023-10-05T07:57:18Z,Default Title,Title,Default Title,52735466733906,https://cdn.shopify.com/s/files/1/0781/2844/7826/files/DSC_0770.jpg?v=1713295636
8602026443090,SCHELPEN ARMBAND,,2023-10-05T07:56:23Z,47102281777490,0,8,2023-10-05T07:56:23Z,2023-10-05T07:56:23Z,Default Title,Title,Default Title,54016661061970,https://cdn.shopify.com/s/files/1/0781/2844/7826/files/DSC_0962.jpg?v=1720297872
8602025853266,PEN | Roze,,2023-10-05T07:55:05Z,47102273257810,0,22,2023-10-05T07:55:05Z,2023-10-05T07:55:05Z,Default Title,Title,Default Title,54171145470290,https://cdn.shopify.com/s/files/1/0781/2844/7826/files/DSC_0989.jpg?v=1720810023
8602023625042,STRIKJES SOKKEN,,2023-10-05T07:49:39Z,47102249075026,0,5,2023-10-05T07:49:39Z,2023-10-05T07:49:39Z,Default Title,Title,Default Title,56437025440082,https://cdn.shopify.com/s/files/1/0781/2844/7826/files/DSC_0288-3.jpg?v=1734987405
8602023199058,WAX MELTS| White tea & Rose,,2023-10-05T07:48:42Z,47102245437778,0,8,2023-10-05T07:48:42Z,2023-10-05T07:48:42Z,Default Title,Title,Default Title,56551580991826,https://cdn.shopify.com/s/files/1/0781/2844/7826/files/DSC_0312.jpg?v=1736023478
8602022773074,GOUDEN DINER KAARS,,2023-10-05T07:47:38Z,47102241767762,0,15,2023-10-05T07:47:38Z,2023-10-05T07:47:38Z,Default Title,Title,Default Title,55676434022738,https://cdn.shopify.com/s/files/1/0781/2844/7826/files/DSC_0098.jpg?v=1730060306
8602022183250,SCRUNCHIE | Wit,,2023-10-05T07:45:30Z,47102231216466,0,5,2023-10-05T07:45:30Z,2023-10-05T07:45:30Z,Default Title,Title,Default Title,52735470698834,https://cdn.shopify.com/s/files/1/0781/2844/7826/files/DSC_0779.jpg?v=1713295658
8601883476306,SOFT BEIGE,,2023-10-05T05:33:39Z,47101608919378,29.95,1,2023-10-05T05:33:39Z,2023-10-05T05:33:39Z,Default Title,Title,Default Title,52185329500498,https://cdn.shopify.com/s/files/1/0781/2844/7826/files/DSC_0455.jpg?v=1708549244
8601882100050,BRIGHT BLUE,,2023-10-05T05:32:28Z,47101606527314,29.95,2,2023-10-05T05:32:28Z,2023-10-05T05:32:28Z,Default Title,Title,Default Title,52185727762770,https://cdn.shopify.com/s/files/1/0781/2844/7826/files/DSC_0278_8d0f2423-c2ec-43cf-a26e-4092dc2bdc40.jpg?v=1735507708
8601880232274,COZY BOX - Valentine,,2023-10-05T05:30:37Z,47101601448274,19.95,2,2023-10-05T05:30:37Z,2023-10-05T05:30:37Z,Default Title,Title,Default Title,56996711956818,https://cdn.shopify.com/s/files/1/0781/2844/7826/files/DSC_0465-2.jpg?v=1737880100
